variety,N,s,annual_return,annual_volatility,max_drawdown,win_rate,sharpe,avg_trade_return,signal_days,merged_signals,avg_holding_days,total_return
A,60,0.0,0.2150248286583527,0.12282711592587141,-0.07537509788313312,0.5806451612903226,1.7506299568909884,0.015439004731627116,32,5,6.2,0.07369342555219882
