variety,N,s,annual_return,annual_volatility,max_drawdown,win_rate,sharpe,avg_trade_return,signal_days,merged_signals,avg_holding_days,total_return
AG,60,0.0,2.091905021658572,0.6813490102594194,-0.2593984675743639,0.6129032258064516,3.0702400534229763,0.5099808852584757,32,1,31.0,0.5099808852584757
