variety,N,s,annual_return,annual_volatility,max_drawdown,win_rate,sharpe,avg_trade_return,signal_days,merged_signals,avg_holding_days,total_return
AO,20,0.0,0.8418705013305268,0.24180313609367218,-0.06572507731007204,0.5614035087719298,3.4816359908764554,0.017939263780139273,59,11,5.2727272727272725,0.2110347920558875
