variety,N,s,annual_return,annual_volatility,max_drawdown,win_rate,sharpe,avg_trade_return,signal_days,merged_signals,avg_holding_days,total_return
AP,60,0.05,0.1851671078552688,0.1335237156760743,-0.05381960638000172,0.6428571428571429,1.3867731804624153,0.03496387772624765,14,2,7.0,0.06326772114810675
