variety,N,s,annual_return,annual_volatility,max_drawdown,win_rate,sharpe,avg_trade_return,signal_days,merged_signals,avg_holding_days,total_return
AU,60,0.0,1.374018228814767,0.3754568956037066,-0.12456503574280475,0.7,3.659589808852621,0.11091282420470372,31,3,10.0,0.3664428177630368
