variety,N,s,annual_return,annual_volatility,max_drawdown,win_rate,sharpe,avg_trade_return,signal_days,merged_signals,avg_holding_days,total_return
BU,10,0.0,0.3741966327371187,0.4407769851598827,-0.19846742334138612,0.5,0.8489477566560937,0.015924354512591294,48,6,7.833333333333333,0.07590309028750508
