variety,N,s,annual_return,annual_volatility,max_drawdown,win_rate,sharpe,avg_trade_return,signal_days,merged_signals,avg_holding_days,total_return
BZ,60,0.0,1.1222678553585137,0.3496340472036414,-0.07648017381857697,0.6470588235294118,3.2098357249082734,0.09129471255325135,18,3,5.666666666666667,0.26227052628561776
