variety,N,s,annual_return,annual_volatility,max_drawdown,win_rate,sharpe,avg_trade_return,signal_days,merged_signals,avg_holding_days,total_return
C,20,0.0,0.05749481327902517,0.08722063983436913,-0.04842354738159249,0.47619047619047616,0.6591881622080172,0.0023710288847754476,70,9,7.666666666666667,0.020165898565664975
