variety,N,s,annual_return,annual_volatility,max_drawdown,win_rate,sharpe,avg_trade_return,signal_days,merged_signals,avg_holding_days,total_return
CF,10,0.0,0.5106238589213865,0.12031941059273457,-0.028987598667136405,0.5789473684210527,4.243902595648356,0.010877952194636617,80,14,5.642857142857143,0.15873575201175827
