variety,N,s,annual_return,annual_volatility,max_drawdown,win_rate,sharpe,avg_trade_return,signal_days,merged_signals,avg_holding_days,total_return
CJ,10,0.03,0.3390617314982085,0.08845816599541441,-0.021688448432195084,0.76,3.8330178755433972,0.011795412728672731,26,9,2.7777777777777777,0.10990530733304205
