variety,N,s,annual_return,annual_volatility,max_drawdown,win_rate,sharpe,avg_trade_return,signal_days,merged_signals,avg_holding_days,total_return
CS,20,0.0,0.18179430503515825,0.09217011069005641,-0.037300318050961234,0.5714285714285714,1.9723780700067095,0.005382964760944853,44,8,5.375,0.043333946014412206
