variety,N,s,annual_return,annual_volatility,max_drawdown,win_rate,sharpe,avg_trade_return,signal_days,merged_signals,avg_holding_days,total_return
CU,20,0.0,0.5195540479351308,0.27668005051140676,-0.10235261967936793,0.6176470588235294,1.8778153573949525,0.006766887153626509,69,23,2.9565217391304346,0.15925113506865185
