variety,N,s,annual_return,annual_volatility,max_drawdown,win_rate,sharpe,avg_trade_return,signal_days,merged_signals,avg_holding_days,total_return
CY,10,0.0,0.0806765512505061,0.0752031368741846,-0.02458370473692928,0.6363636363636364,1.0727817296435196,0.0035820344106441415,13,2,6.0,0.00710651110523286
