variety,N,s,annual_return,annual_volatility,max_drawdown,win_rate,sharpe,avg_trade_return,signal_days,merged_signals,avg_holding_days,total_return
EB,20,0.0,2.6699097129163065,0.3453982984314324,-0.10756693210228374,0.582089552238806,7.72994460320519,0.045049356624427266,68,11,6.090909090909091,0.5746398705497755
