variety,N,s,annual_return,annual_volatility,max_drawdown,win_rate,sharpe,avg_trade_return,signal_days,merged_signals,avg_holding_days,total_return
EC,10,0.03,0.6990489638224906,0.6816935477764893,-0.1615357938167724,0.6363636363636364,1.0254592640675715,0.02225205013121842,11,4,2.75,0.07639839353506117
