variety,N,s,annual_return,annual_volatility,max_drawdown,win_rate,sharpe,avg_trade_return,signal_days,merged_signals,avg_holding_days,total_return
EG,10,0.01,3.3598883711436436,0.3148308793128759,-0.06351968675222963,0.639344262295082,10.672042013403072,0.06707609991706741,63,9,7.0,0.6722794746966014
