variety,N,s,annual_return,annual_volatility,max_drawdown,win_rate,sharpe,avg_trade_return,signal_days,merged_signals,avg_holding_days,total_return
FU,10,0.01,1.7051975307075553,0.5304422166951589,-0.13904666650365238,0.5370370370370371,3.214671602368933,0.03055927692442149,57,14,4.0,0.38240780387121
