variety,N,s,annual_return,annual_volatility,max_drawdown,win_rate,sharpe,avg_trade_return,signal_days,merged_signals,avg_holding_days,total_return
HC,20,0.03,0.14061365357879319,0.06531119032564911,-0.021464556652196043,0.5714285714285714,2.1529794952086667,0.007749545363199846,30,6,4.833333333333333,0.047015594021986074
