variety,N,s,annual_return,annual_volatility,max_drawdown,win_rate,sharpe,avg_trade_return,signal_days,merged_signals,avg_holding_days,total_return
IC,10,0.0,0.177100250804622,0.2623883829961061,-0.11895955531574431,0.5844155844155844,0.6749546179689296,0.007485439064996213,78,8,9.625,0.058591755072345375
