variety,N,s,annual_return,annual_volatility,max_drawdown,win_rate,sharpe,avg_trade_return,signal_days,merged_signals,avg_holding_days,total_return
IF,60,0.03,0.07939027499410978,0.03500056483034144,-0.0004241961482989165,0.6666666666666666,2.2682569661072325,0.013441561378710998,3,2,1.5,0.027037126294691127
