variety,N,s,annual_return,annual_volatility,max_drawdown,win_rate,sharpe,avg_trade_return,signal_days,merged_signals,avg_holding_days,total_return
IM,60,0.0,0.5564955189476251,0.16907026474360196,-0.05568273210917629,0.5384615384615384,3.291504391925809,0.08067790873710468,27,2,13.0,0.16502908122545024
