variety,N,s,annual_return,annual_volatility,max_drawdown,win_rate,sharpe,avg_trade_return,signal_days,merged_signals,avg_holding_days,total_return
JD,20,0.01,0.3304406101872459,0.2193975865425708,-0.06591276252019385,0.4909090909090909,1.5061269150430188,0.011591768385877868,57,9,6.222222222222222,0.10359053668662321
