variety,N,s,annual_return,annual_volatility,max_drawdown,win_rate,sharpe,avg_trade_return,signal_days,merged_signals,avg_holding_days,total_return
JM,20,0.0,1.1727946789082,0.37374448150591916,-0.10244206191669947,0.5076923076923077,3.137958516959737,0.028464547716943657,66,10,6.5,0.3032097320306584
