variety,N,s,annual_return,annual_volatility,max_drawdown,win_rate,sharpe,avg_trade_return,signal_days,merged_signals,avg_holding_days,total_return
L,60,0.03,1.095459337037393,0.27967479155726566,-0.06353040008400712,0.55,3.91690409756894,0.2871907626168495,21,1,20.0,0.2871907626168495
