variety,N,s,annual_return,annual_volatility,max_drawdown,win_rate,sharpe,avg_trade_return,signal_days,merged_signals,avg_holding_days,total_return
LC,20,0.0,1.3494749585149552,0.7759971666623894,-0.2636935169265364,0.4909090909090909,1.7390204713235338,0.03387728615393326,57,9,6.222222222222222,0.2982316572784529
