variety,N,s,annual_return,annual_volatility,max_drawdown,win_rate,sharpe,avg_trade_return,signal_days,merged_signals,avg_holding_days,total_return
LH,20,0.0,0.29730581397129097,0.16718111034430544,-0.0703580349708578,0.546875,1.7783457315183329,0.011938626853467,66,8,8.125,0.09289376866978571
