variety,N,s,annual_return,annual_volatility,max_drawdown,win_rate,sharpe,avg_trade_return,signal_days,merged_signals,avg_holding_days,total_return
LU,10,0.01,0.3267982778943874,0.6193545273751543,-0.1965874362407376,0.48,0.5276433180836987,0.009113008523588807,25,5,5.0,0.04590644971146296
