variety,N,s,annual_return,annual_volatility,max_drawdown,win_rate,sharpe,avg_trade_return,signal_days,merged_signals,avg_holding_days,total_return
M,60,0.05,0.39346807901241565,0.10946880794370899,-0.02909561218624257,0.65,3.5943396699336003,0.06067911943302445,20,2,10.0,0.1198915524319395
