variety,N,s,annual_return,annual_volatility,max_drawdown,win_rate,sharpe,avg_trade_return,signal_days,merged_signals,avg_holding_days,total_return
MA,20,0.0,0.9233694882193646,0.4473417412934854,-0.09929328621908129,0.5238095238095238,2.064125483907333,0.02045214251610376,66,12,5.416666666666667,0.25009218486651497
