variety,N,s,annual_return,annual_volatility,max_drawdown,win_rate,sharpe,avg_trade_return,signal_days,merged_signals,avg_holding_days,total_return
NI,10,0.05,0.3320426007124928,0.2083115218314598,-0.056349420328929756,0.5652173913043478,1.5939713645851097,0.015754495928581934,23,5,4.6,0.08043868613147631
