variety,N,s,annual_return,annual_volatility,max_drawdown,win_rate,sharpe,avg_trade_return,signal_days,merged_signals,avg_holding_days,total_return
NR,10,0.0,0.25032551065549224,0.23127171784208034,-0.09331358011847157,0.4166666666666667,1.0823870423551851,0.0032562035019997214,25,10,2.4,0.03151471911262904
