variety,N,s,annual_return,annual_volatility,max_drawdown,win_rate,sharpe,avg_trade_return,signal_days,merged_signals,avg_holding_days,total_return
OI,60,0.0,0.306984051837238,0.10225211685898923,-0.02522602056498502,0.5416666666666666,3.002226861088698,0.047334429258027444,26,2,12.5,0.09566942529579103
