variety,N,s,annual_return,annual_volatility,max_drawdown,win_rate,sharpe,avg_trade_return,signal_days,merged_signals,avg_holding_days,total_return
OP,20,0.0,0.4311344578093137,0.0770796195895068,-0.007801072647489082,0.8571428571428571,5.593365147692114,0.020118317854685985,8,2,3.5,0.04063355735049656
