variety,N,s,annual_return,annual_volatility,max_drawdown,win_rate,sharpe,avg_trade_return,signal_days,merged_signals,avg_holding_days,total_return
PB,20,0.05,0.17905824700709427,0.05255088789961531,-0.007614986293024706,0.6666666666666666,3.407330573541176,0.012235975508552599,14,2,6.5,0.024479312379141582
