variety,N,s,annual_return,annual_volatility,max_drawdown,win_rate,sharpe,avg_trade_return,signal_days,merged_signals,avg_holding_days,total_return
PF,60,0.0,0.1289956474093772,0.21658341978746276,-0.1649743137628621,0.6818181818181818,0.5955933632221846,0.006869640168047517,23,8,2.75,0.04077054549214787
