variety,N,s,annual_return,annual_volatility,max_drawdown,win_rate,sharpe,avg_trade_return,signal_days,merged_signals,avg_holding_days,total_return
PG,10,0.05,0.13414087767075533,0.2332638956137024,-0.1054341474475825,0.4666666666666667,0.5750606081487204,0.0082425151614647,30,6,5.0,0.04389351533127139
