variety,N,s,annual_return,annual_volatility,max_drawdown,win_rate,sharpe,avg_trade_return,signal_days,merged_signals,avg_holding_days,total_return
PK,60,0.01,0.008903744372433131,0.03685206094805698,-0.02112474376168494,0.6666666666666666,0.2416077728999463,0.0005284388197977866,18,6,2.8333333333333335,0.0030297121539937244
