variety,N,s,annual_return,annual_volatility,max_drawdown,win_rate,sharpe,avg_trade_return,signal_days,merged_signals,avg_holding_days,total_return
PP,20,0.0,0.8148029857011025,0.3189190229915287,-0.12442620762507717,0.5079365079365079,2.5548898841407333,0.058374565788152116,64,4,15.75,0.2197659198176123
