variety,N,s,annual_return,annual_volatility,max_drawdown,win_rate,sharpe,avg_trade_return,signal_days,merged_signals,avg_holding_days,total_return
PR,10,0.01,0.12859462123154652,0.3871121805860027,-0.1759648767470352,0.5,0.33218955042148907,0.00677876591413365,37,8,4.5,0.028234268834653742
