variety,N,s,annual_return,annual_volatility,max_drawdown,win_rate,sharpe,avg_trade_return,signal_days,merged_signals,avg_holding_days,total_return
PS,20,0.03,1.2026894266882118,0.285868869927147,-0.07422999822990395,0.6206896551724138,4.207136744181744,0.0651404973992746,30,4,7.25,0.2728911765922566
