variety,N,s,annual_return,annual_volatility,max_drawdown,win_rate,sharpe,avg_trade_return,signal_days,merged_signals,avg_holding_days,total_return
PX,20,0.01,1.0667261851332968,0.33030374644640526,-0.07947394095211646,0.5686274509803921,3.229530989611051,0.02377257061933704,52,11,4.636363636363637,0.2628185292178853
