variety,N,s,annual_return,annual_volatility,max_drawdown,win_rate,sharpe,avg_trade_return,signal_days,merged_signals,avg_holding_days,total_return
RB,20,0.01,0.169947743849572,0.09541997699390549,-0.03622047244094517,0.5769230769230769,1.7810499352816511,0.006580743687046836,53,8,6.5,0.053056450895499596
