variety,N,s,annual_return,annual_volatility,max_drawdown,win_rate,sharpe,avg_trade_return,signal_days,merged_signals,avg_holding_days,total_return
RU,10,0.01,0.1999379087789337,0.15907482026276193,-0.051028139748110046,0.4897959183673469,1.2568796774289832,0.004785451592363048,51,13,3.8461538461538463,0.06110415160851823
