variety,N,s,annual_return,annual_volatility,max_drawdown,win_rate,sharpe,avg_trade_return,signal_days,merged_signals,avg_holding_days,total_return
SH,20,0.05,2.353274461349158,0.31686956888494466,-0.062211981566820285,0.6388888888888888,7.42663446550032,0.06026946089344398,37,6,6.0,0.3927669239623577
