variety,N,s,annual_return,annual_volatility,max_drawdown,win_rate,sharpe,avg_trade_return,signal_days,merged_signals,avg_holding_days,total_return
SI,10,0.05,0.11652102962657751,0.13898670438041294,-0.08505979198992986,0.5,0.8383609795340865,0.005016847825341937,22,7,3.142857142857143,0.03425111908292178
