variety,N,s,annual_return,annual_volatility,max_drawdown,win_rate,sharpe,avg_trade_return,signal_days,merged_signals,avg_holding_days,total_return
SM,10,0.05,0.07382641191821304,0.0890966264976461,-0.04788330828623544,0.4482758620689655,0.8286106311798854,0.004030136597539258,29,6,4.833333333333333,0.02344816574764841
