variety,N,s,annual_return,annual_volatility,max_drawdown,win_rate,sharpe,avg_trade_return,signal_days,merged_signals,avg_holding_days,total_return
SN,10,0.0,1.524336993029086,0.6255277176081661,-0.21864640693844517,0.5757575757575758,2.436881612309207,0.01731840344282427,34,10,3.3,0.17548258885905588
