variety,N,s,annual_return,annual_volatility,max_drawdown,win_rate,sharpe,avg_trade_return,signal_days,merged_signals,avg_holding_days,total_return
SR,20,0.0,0.044460128069878424,0.09499454940243653,-0.0386082749066039,0.5573770491803278,0.4680282010868516,0.001416549401589135,62,11,5.545454545454546,0.014255457158405482
