variety,N,s,annual_return,annual_volatility,max_drawdown,win_rate,sharpe,avg_trade_return,signal_days,merged_signals,avg_holding_days,total_return
SS,20,0.0,0.4475815248995316,0.09005270796061227,-0.017257608030355587,0.7692307692307693,4.9702172764787615,0.025309409621448786,14,2,6.5,0.051172667391912174
