variety,N,s,annual_return,annual_volatility,max_drawdown,win_rate,sharpe,avg_trade_return,signal_days,merged_signals,avg_holding_days,total_return
TA,10,0.01,0.7121971646072829,0.2140536611970915,-0.03593196242809571,0.5416666666666666,3.327189829990911,0.013530285332010505,50,13,3.769230769230769,0.18616213182852315
