variety,N,s,annual_return,annual_volatility,max_drawdown,win_rate,sharpe,avg_trade_return,signal_days,merged_signals,avg_holding_days,total_return
TF,20,0.01,0.018859997366782455,0.004814835028232124,-0.0010368691110550499,0.7142857142857143,3.9170599316893586,0.001163054418959179,14,3,4.666666666666667,0.003490858957248655
