variety,N,s,annual_return,annual_volatility,max_drawdown,win_rate,sharpe,avg_trade_return,signal_days,merged_signals,avg_holding_days,total_return
TL,20,0.01,0.10026136687880105,0.04412233287217423,-0.021252542564172083,0.5666666666666667,2.272349632311281,0.003536442633173812,32,7,4.428571428571429,0.024951459616012528
