variety,N,s,annual_return,annual_volatility,max_drawdown,win_rate,sharpe,avg_trade_return,signal_days,merged_signals,avg_holding_days,total_return
TS,10,0.0,0.011774468880219713,0.002691157327479851,-0.00029264752871360766,0.6666666666666666,4.375243602441474,0.00048786076493945174,11,2,5.0,0.0009759500288715195
