variety,N,s,annual_return,annual_volatility,max_drawdown,win_rate,sharpe,avg_trade_return,signal_days,merged_signals,avg_holding_days,total_return
UR,60,0.05,0.1768494814819126,0.0472652306871017,-0.009164420485175295,0.8571428571428571,3.7416400789972952,0.016957689658621284,7,3,2.3333333333333335,0.051694998751584675
