variety,N,s,annual_return,annual_volatility,max_drawdown,win_rate,sharpe,avg_trade_return,signal_days,merged_signals,avg_holding_days,total_return
V,60,0.01,0.07348048362801007,0.2175450111251292,-0.06779531441720743,0.5,0.337771403021258,0.011279129080382366,17,2,8.0,0.022189754339311474
