variety,N,s,annual_return,annual_volatility,max_drawdown,win_rate,sharpe,avg_trade_return,signal_days,merged_signals,avg_holding_days,total_return
Y,60,0.05,0.19755918022053032,0.09051982631863423,-0.02629151291512921,0.75,2.182496235963957,0.02841367365378461,13,2,6.5,0.05663277714616344
