variety,N,s,annual_return,annual_volatility,max_drawdown,win_rate,sharpe,avg_trade_return,signal_days,merged_signals,avg_holding_days,total_return
ZN,10,0.03,1.202826867565503,0.1377538577098363,-0.026134950322274975,0.6818181818181818,8.731710948517525,0.0261608012056614,22,5,4.4,0.13355168738509104
